<?xml version="1.0" encoding="UTF-8"?>
<!DOCTYPE mapper PUBLIC "-//mybatis.org//DTD Mapper 3.0//EN" "http://mybatis.org/dtd/mybatis-3-mapper.dtd">
<mapper namespace="com.blueskykong.auth.dao.mapper.RoleMapper">
    <resultMap id="BaseResultMap" type="com.blueskykong.auth.entity.Role">
        <id column="id" typeHandler="UUIDTypeHandler" property="id" />
        <result column="name" jdbcType="VARCHAR" property="name" />
        <result column="update_time" jdbcType="TIMESTAMP" property="updateTime" />
        <result column="description" jdbcType="VARCHAR" property="description" />
    </resultMap>
    <sql id="Base_Column_List">
        id, name, update_time, description
    </sql>
    <select id="selectByPrimaryKey" parameterType="UUID" resultMap="BaseResultMap">
        select
        <include refid="Base_Column_List" />
        from role
        where id = #{id,javaType=UUID,jdbcType=OTHER,typeHandler=UUIDTypeHandler}
    </select>

    <select id="selectAll"  resultMap="BaseResultMap">
        select
        <include refid="Base_Column_List" />
        from role
    </select>

    <delete id="deleteByPrimaryKey" parameterType="UUID">
        delete from role
        where id = #{id,javaType=UUID,jdbcType=OTHER,typeHandler=UUIDTypeHandler}
    </delete>

    <insert id="insert" parameterType="com.blueskykong.auth.entity.Role">
        insert into role
        <trim prefix="(" suffix=")" suffixOverrides=",">
            <if test="id != null">
                id,
            </if>
            <if test="name != null">
                name,
            </if>
            <if test="updateTime != null">
                update_time,
            </if>
            <if test="description != null">
                description,
            </if>
        </trim>
        <trim prefix="values (" suffix=")" suffixOverrides=",">
            <if test="id != null">
                #{id,javaType=UUID,jdbcType=OTHER,typeHandler=UUIDTypeHandler},
            </if>
            <if test="name != null">
                #{name,jdbcType=VARCHAR},
            </if>
            <if test="updateTime != null">
                #{updateTime,jdbcType=TIMESTAMP},
            </if>
            <if test="description != null">
                #{description,jdbcType=VARCHAR},
            </if>
        </trim>
    </insert>

    <update id="updateByPrimaryKey" parameterType="com.blueskykong.auth.entity.Role">
        update role
        <set>
            <if test="name != null">
                name = #{name,jdbcType=VARCHAR},
            </if>
            <if test="updateTime != null">
                update_time = #{updateTime,jdbcType=TIMESTAMP},
            </if>
            <if test="description != null">
                description = #{description,jdbcType=VARCHAR},
            </if>
        </set>
        where id = #{id,javaType=UUID,jdbcType=OTHER,typeHandler=UUIDTypeHandler}
    </update>


</mapper>
